run_idx,prompt_label,prompt_tokens,n_ctx,mode,n_threads,max_tokens,ttft_s,decode_s,decode_tok_s,total_s,rss_before_mb,rss_after_mb,rss_peak_mb,mem_delta_mb,output_tokens,output_head
1,pt_256,256,2048,warm,8,128,0.04976296424865723,2.8898000717163086,46.36998985207125,2.939563035964966,1264.72192,1264.910336,1264.910336,0.18841599999996106,134,"Please provide a detailed report in a clear and concise format, including:
1. Technical analysis of the bottlenecks and tradeoffs.
2. Optimization strategies and their implementation.
3. Examples of r"
2,pt_256,256,2048,warm,8,128,0.04688143730163574,2.8281681537628174,47.38049250067252,2.875049591064453,1264.959488,1264.975872,1264.975872,0.016384000000016385,134,"Please provide a detailed report in a clear and concise format, including:
1. Technical analysis of the bottlenecks and tradeoffs.
2. Optimization strategies and their implementation.
3. Examples of r"
3,pt_256,256,2048,warm,8,128,0.0460507869720459,3.556874990463257,37.67351969334955,3.6029257774353027,1264.979968,1264.98816,1264.98816,0.008192000000008193,134,"Please provide a detailed report in a clear and concise format, including:
1. Technical analysis of the bottlenecks and tradeoffs.
2. Optimization strategies and their implementation.
3. Examples of r"
4,pt_256,256,2048,warm,8,128,0.05710434913635254,3.555466651916504,37.68844236740906,3.6125710010528564,1264.98816,1264.996352,1264.996352,0.008191999999780819,134,"Please provide a detailed report in a clear and concise format, including:
1. Technical analysis of the bottlenecks and tradeoffs.
2. Optimization strategies and their implementation.
3. Examples of r"
5,pt_256,256,2048,warm,8,128,0.05779695510864258,3.563209295272827,37.60654760801524,3.6210062503814697,1264.996352,1265.004544,1265.004544,0.008192000000008193,134,"Please provide a detailed report in a clear and concise format, including:
1. Technical analysis of the bottlenecks and tradeoffs.
2. Optimization strategies and their implementation.
3. Examples of r"
2026-01-06T14:27:18,0,ok,,pt_256,256,2048,warm,8,128,128,0.03222227096557617,0.7425172328948975,36.3627924091855,0.7747395038604736,1267.13856,1266.60608,1267.13856,-0.5324800000000778
2026-01-06T14:27:18,1,ok,,pt_256,256,2048,warm,8,128,128,0.029000043869018555,0.43947935104370117,40.95755570142841,0.4684793949127197,1266.60608,1266.642944,1266.642944,0.03686399999992318
2026-01-06T14:27:18,2,ok,,pt_256,256,2048,warm,8,128,128,0.029505252838134766,0.40968751907348633,41.49504002085717,0.4391927719116211,1266.642944,1266.66752,1266.66752,0.024576000000024578
2026-01-06T14:27:18,3,ok,,pt_256,256,2048,warm,8,128,128,0.024999618530273438,1.1739881038665771,44.29346415754632,1.1989877223968506,1266.66752,1266.757632,1266.757632,0.09011200000009012
2026-01-06T14:27:18,4,ok,,pt_256,256,2048,warm,8,128,128,0.026000261306762695,0.7881357669830322,52.021493907004334,0.8141360282897949,1266.757632,1266.823168,1266.823168,0.06553599999983817
